{"cameraMode":{"drawMode":0,"name":"Shaded","section":"Shading Mode"},"sceneLighting":true,"audioPlay":false,"sceneViewState":{"m_AlwaysRefresh":false,"showFog":true,"showSkybox":true,"showFlares":true,"showImageEffects":true,"showParticleSystems":true,"showVisualEffectGraphs":true,"m_FxEnabled":true},"in2DMode":false,"pivot":{"x":0.1445373296737671,"y":0.1097349226474762,"z":-0.04447782039642334},"rotation":{"x":0.07356314361095429,"y":0.9188477396965027,"z":0.32865336537361147,"w":-0.2056681364774704},"size":0.05121046304702759,"orthographic":false}