{"cameraMode":{"drawMode":0,"name":"Shaded","section":"Shading Mode"},"sceneLighting":true,"audioPlay":false,"sceneViewState":{"m_AlwaysRefresh":false,"showFog":true,"showSkybox":true,"showFlares":true,"showImageEffects":true,"showParticleSystems":true,"showVisualEffectGraphs":true,"m_FxEnabled":true},"in2DMode":false,"pivot":{"x":0.983451247215271,"y":-0.019833683967590333,"z":-1.7200331687927247},"rotation":{"x":0.16870719194412232,"y":0.566858172416687,"z":-0.11993289738893509,"w":0.797387421131134},"size":1.5511939525604249,"orthographic":false}